{"setups":[{"start":221,"from":41,"to":15},{"start":287,"from":15,"to":39},{"start":310,"from":39,"to":89},{"start":326,"from":89,"to":51},{"start":378,"from":51,"to":47},{"start":461,"from":47,"to":57},{"start":470,"from":57,"to":43},{"start":501,"from":43,"to":6},{"start":515,"from":6,"to":14},{"start":529,"from":14,"to":70},{"start":546,"from":70,"to":88},{"start":569,"from":88,"to":33},{"start":587,"from":33,"to":73},{"start":604,"from":73,"to":20},{"start":613,"from":20,"to":81},{"start":629,"from":81,"to":62},{"start":646,"from":62,"to":98},{"start":658,"from":98,"to":10},{"start":674,"from":10,"to":23},{"start":692,"from":23,"to":49},{"start":707,"from":49,"to":21},{"start":1040,"from":21,"to":90},{"start":1055,"from":90,"to":99},{"start":1093,"from":99,"to":31},{"start":1195,"from":31,"to":18},{"start":1339,"from":18,"to":52},{"start":1355,"from":52,"to":71},{"start":1502,"from":71,"to":76},{"start":1529,"from":76,"to":78},{"start":1644,"from":78,"to":72},{"start":1664,"from":72,"to":8},{"start":1686,"from":8,"to":28},{"start":1705,"from":28,"to":25},{"start":1716,"from":25,"to":75},{"start":2056,"from":75,"to":44},{"start":2072,"from":44,"to":69},{"start":2099,"from":69,"to":97},{"start":2230,"from":97,"to":80},{"start":2295,"from":80,"to":93},{"start":2313,"from":93,"to":22},{"start":2330,"from":22,"to":87},{"start":2348,"from":87,"to":29},{"start":2356,"from":29,"to":67},{"start":2473,"from":67,"to":32},{"start":2486,"from":32,"to":96},{"start":2503,"from":96,"to":77},{"start":2522,"from":77,"to":40},{"start":2538,"from":40,"to":13},{"start":2624,"from":13,"to":3},{"start":2675,"from":3,"to":83},{"start":2702,"from":83,"to":42},{"start":2719,"from":42,"to":55},{"start":3040,"from":55,"to":65},{"start":3059,"from":65,"to":34},{"start":3076,"from":34,"to":27},{"start":3093,"from":27,"to":95},{"start":3105,"from":95,"to":58},{"start":3211,"from":58,"to":94},{"start":3310,"from":94,"to":37},{"start":3328,"from":37,"to":86},{"start":3344,"from":86,"to":54},{"start":3366,"from":54,"to":17},{"start":3407,"from":17,"to":16},{"start":3427,"from":16,"to":38},{"start":3452,"from":38,"to":92},{"start":3468,"from":92,"to":4},{"start":3480,"from":4,"to":19},{"start":3495,"from":19,"to":11},{"start":3510,"from":11,"to":46},{"start":3517,"from":46,"to":66},{"start":3538,"from":66,"to":68},{"start":3552,"from":68,"to":91},{"start":3594,"from":91,"to":45},{"start":3610,"from":45,"to":50},{"start":3623,"from":50,"to":36},{"start":3637,"from":36,"to":26},{"start":3651,"from":26,"to":59},{"start":3670,"from":59,"to":85},{"start":3683,"from":85,"to":56},{"start":3693,"from":56,"to":7},{"start":3714,"from":7,"to":12},{"start":3728,"from":12,"to":2},{"start":4034,"from":2,"to":64},{"start":4052,"from":64,"to":5},{"start":4066,"from":5,"to":60},{"start":4080,"from":60,"to":63},{"start":4094,"from":63,"to":61},{"start":4116,"from":61,"to":48},{"start":4131,"from":48,"to":79},{"start":4151,"from":79,"to":53},{"start":4164,"from":53,"to":1},{"start":4189,"from":1,"to":84},{"start":4209,"from":84,"to":30},{"start":4234,"from":30,"to":24},{"start":4253,"from":24,"to":35},{"start":4265,"from":35,"to":0},{"start":4276,"from":0,"to":9},{"start":4295,"from":9,"to":74},{"start":4309,"from":74,"to":82}],"jobs":[{"start":203,"id":41},{"start":225,"id":15},{"start":291,"id":39},{"start":314,"id":89},{"start":329,"id":51},{"start":380,"id":47},{"start":464,"id":57},{"start":472,"id":43},{"start":505,"id":6},{"start":517,"id":14},{"start":533,"id":70},{"start":550,"id":88},{"start":571,"id":33},{"start":589,"id":73},{"start":606,"id":20},{"start":615,"id":81},{"start":631,"id":62},{"start":648,"id":98},{"start":660,"id":10},{"start":678,"id":23},{"start":695,"id":49},{"start":709,"id":21},{"start":1044,"id":90},{"start":1059,"id":99},{"start":1097,"id":31},{"start":1199,"id":18},{"start":1343,"id":52},{"start":1357,"id":71},{"start":1506,"id":76},{"start":1531,"id":78},{"start":1647,"id":72},{"start":1668,"id":8},{"start":1690,"id":28},{"start":1707,"id":25},{"start":1718,"id":75},{"start":2059,"id":44},{"start":2076,"id":69},{"start":2103,"id":97},{"start":2234,"id":80},{"start":2297,"id":93},{"start":2316,"id":22},{"start":2332,"id":87},{"start":2350,"id":29},{"start":2359,"id":67},{"start":2476,"id":32},{"start":2488,"id":96},{"start":2507,"id":77},{"start":2524,"id":40},{"start":2541,"id":13},{"start":2627,"id":3},{"start":2679,"id":83},{"start":2706,"id":42},{"start":2722,"id":55},{"start":3042,"id":65},{"start":3063,"id":34},{"start":3080,"id":27},{"start":3095,"id":95},{"start":3109,"id":58},{"start":3214,"id":94},{"start":3313,"id":37},{"start":3330,"id":86},{"start":3346,"id":54},{"start":3370,"id":17},{"start":3411,"id":16},{"start":3431,"id":38},{"start":3455,"id":92},{"start":3470,"id":4},{"start":3484,"id":19},{"start":3499,"id":11},{"start":3513,"id":46},{"start":3519,"id":66},{"start":3542,"id":68},{"start":3556,"id":91},{"start":3597,"id":45},{"start":3612,"id":50},{"start":3627,"id":36},{"start":3639,"id":26},{"start":3653,"id":59},{"start":3674,"id":85},{"start":3685,"id":56},{"start":3697,"id":7},{"start":3718,"id":12},{"start":3730,"id":2},{"start":4036,"id":64},{"start":4054,"id":5},{"start":4069,"id":60},{"start":4083,"id":63},{"start":4098,"id":61},{"start":4118,"id":48},{"start":4133,"id":79},{"start":4153,"id":53},{"start":4166,"id":1},{"start":4192,"id":84},{"start":4213,"id":30},{"start":4236,"id":24},{"start":4255,"id":35},{"start":4269,"id":0},{"start":4279,"id":9},{"start":4297,"id":74},{"start":4311,"id":82}],"name":"B-100-30","value":13083.5}