{"setups":[{"start":55,"from":77,"to":381},{"start":75,"from":381,"to":374},{"start":165,"from":374,"to":294},{"start":186,"from":294,"to":359},{"start":235,"from":359,"to":234},{"start":350,"from":234,"to":297},{"start":384,"from":297,"to":69},{"start":406,"from":69,"to":165},{"start":422,"from":165,"to":12},{"start":443,"from":12,"to":43},{"start":461,"from":43,"to":225},{"start":481,"from":225,"to":264},{"start":514,"from":264,"to":227},{"start":536,"from":227,"to":277},{"start":562,"from":277,"to":345},{"start":590,"from":345,"to":75},{"start":623,"from":75,"to":100},{"start":645,"from":100,"to":321},{"start":667,"from":321,"to":198},{"start":698,"from":198,"to":14},{"start":1010,"from":14,"to":363},{"start":1041,"from":363,"to":163},{"start":1078,"from":163,"to":133},{"start":1120,"from":133,"to":384},{"start":1159,"from":384,"to":161},{"start":1191,"from":161,"to":153},{"start":1217,"from":153,"to":358},{"start":1247,"from":358,"to":221},{"start":1259,"from":221,"to":119},{"start":1295,"from":119,"to":383},{"start":1322,"from":383,"to":31},{"start":1343,"from":31,"to":122},{"start":1354,"from":122,"to":309},{"start":1401,"from":309,"to":337},{"start":1436,"from":337,"to":188},{"start":1457,"from":188,"to":284},{"start":1472,"from":284,"to":308},{"start":1488,"from":308,"to":215},{"start":1503,"from":215,"to":287},{"start":1520,"from":287,"to":64},{"start":1554,"from":64,"to":177},{"start":1581,"from":177,"to":346},{"start":1608,"from":346,"to":218},{"start":1629,"from":218,"to":279},{"start":1649,"from":279,"to":106},{"start":1676,"from":106,"to":315},{"start":1701,"from":315,"to":115},{"start":2017,"from":115,"to":19},{"start":2046,"from":19,"to":372},{"start":2078,"from":372,"to":32},{"start":2135,"from":32,"to":270},{"start":2163,"from":270,"to":382},{"start":2183,"from":382,"to":143},{"start":2234,"from":143,"to":24},{"start":2263,"from":24,"to":124},{"start":2288,"from":124,"to":40},{"start":2305,"from":40,"to":84},{"start":2327,"from":84,"to":357},{"start":2338,"from":357,"to":204},{"start":2352,"from":204,"to":171},{"start":2383,"from":171,"to":318},{"start":2403,"from":318,"to":350},{"start":2439,"from":350,"to":379},{"start":2468,"from":379,"to":367},{"start":2490,"from":367,"to":96},{"start":2509,"from":96,"to":272},{"start":2531,"from":272,"to":25},{"start":2566,"from":25,"to":23},{"start":2577,"from":23,"to":239},{"start":2594,"from":239,"to":130},{"start":2617,"from":130,"to":206},{"start":2643,"from":206,"to":212},{"start":2666,"from":212,"to":254},{"start":2693,"from":254,"to":120},{"start":2717,"from":120,"to":298},{"start":3028,"from":298,"to":391},{"start":3065,"from":391,"to":283},{"start":3091,"from":283,"to":182},{"start":3110,"from":182,"to":2},{"start":3146,"from":2,"to":238},{"start":3170,"from":238,"to":217},{"start":3191,"from":217,"to":189},{"start":3228,"from":189,"to":164},{"start":3249,"from":164,"to":349},{"start":3279,"from":349,"to":288},{"start":3311,"from":288,"to":78},{"start":3339,"from":78,"to":58},{"start":3359,"from":58,"to":333},{"start":3383,"from":333,"to":228},{"start":3406,"from":228,"to":28},{"start":3449,"from":28,"to":81},{"start":3484,"from":81,"to":36},{"start":3504,"from":36,"to":169},{"start":3526,"from":169,"to":242},{"start":3542,"from":242,"to":125},{"start":3572,"from":125,"to":123},{"start":3598,"from":123,"to":4},{"start":3621,"from":4,"to":148},{"start":3644,"from":148,"to":255},{"start":3659,"from":255,"to":269},{"start":3676,"from":269,"to":282},{"start":3698,"from":282,"to":110},{"start":3717,"from":110,"to":310},{"start":3731,"from":310,"to":323},{"start":4034,"from":323,"to":248},{"start":4071,"from":248,"to":361},{"start":4106,"from":361,"to":300},{"start":4138,"from":300,"to":152},{"start":4170,"from":152,"to":70},{"start":4195,"from":70,"to":145},{"start":4213,"from":145,"to":76},{"start":4231,"from":76,"to":17},{"start":4261,"from":17,"to":11},{"start":4286,"from":11,"to":257},{"start":4312,"from":257,"to":87},{"start":4332,"from":87,"to":52},{"start":4357,"from":52,"to":324},{"start":4376,"from":324,"to":109},{"start":4407,"from":109,"to":378},{"start":4432,"from":378,"to":159},{"start":4464,"from":159,"to":126},{"start":4494,"from":126,"to":45},{"start":4513,"from":45,"to":13},{"start":4539,"from":13,"to":373},{"start":4551,"from":373,"to":167},{"start":4586,"from":167,"to":316},{"start":4609,"from":316,"to":260},{"start":4630,"from":260,"to":97},{"start":4655,"from":97,"to":197},{"start":4681,"from":197,"to":79},{"start":4699,"from":79,"to":195},{"start":4731,"from":195,"to":101},{"start":5051,"from":101,"to":46},{"start":5083,"from":46,"to":392},{"start":5116,"from":392,"to":199},{"start":5127,"from":199,"to":138},{"start":5162,"from":138,"to":258},{"start":5191,"from":258,"to":371},{"start":5221,"from":371,"to":139},{"start":5249,"from":139,"to":296},{"start":5266,"from":296,"to":121},{"start":5298,"from":121,"to":3},{"start":5325,"from":3,"to":35},{"start":5345,"from":35,"to":351},{"start":5368,"from":351,"to":325},{"start":5388,"from":325,"to":62},{"start":5417,"from":62,"to":82},{"start":5457,"from":82,"to":191},{"start":5496,"from":191,"to":311},{"start":5525,"from":311,"to":375},{"start":5558,"from":375,"to":247},{"start":5593,"from":247,"to":390},{"start":5626,"from":390,"to":244},{"start":5649,"from":244,"to":187},{"start":5674,"from":187,"to":136},{"start":5696,"from":136,"to":223},{"start":5713,"from":223,"to":92},{"start":5739,"from":92,"to":344},{"start":6051,"from":344,"to":146},{"start":6074,"from":146,"to":129},{"start":6099,"from":129,"to":259},{"start":6128,"from":259,"to":302},{"start":6159,"from":302,"to":394},{"start":6189,"from":394,"to":39},{"start":6226,"from":39,"to":256},{"start":6232,"from":256,"to":66},{"start":6255,"from":66,"to":98},{"start":6341,"from":98,"to":7},{"start":6375,"from":7,"to":15},{"start":6419,"from":15,"to":388},{"start":6451,"from":388,"to":160},{"start":6478,"from":160,"to":355},{"start":6502,"from":355,"to":155},{"start":6539,"from":155,"to":193},{"start":6573,"from":193,"to":63},{"start":6588,"from":63,"to":290},{"start":6609,"from":290,"to":240},{"start":6644,"from":240,"to":348},{"start":6662,"from":348,"to":38},{"start":6687,"from":38,"to":265},{"start":6707,"from":265,"to":291},{"start":6728,"from":291,"to":336},{"start":6752,"from":336,"to":181},{"start":7092,"from":181,"to":86},{"start":7186,"from":86,"to":192},{"start":7219,"from":192,"to":342},{"start":7243,"from":342,"to":364},{"start":7272,"from":364,"to":37},{"start":7293,"from":37,"to":178},{"start":7314,"from":178,"to":162},{"start":7342,"from":162,"to":190},{"start":7371,"from":190,"to":132},{"start":7404,"from":132,"to":271},{"start":7446,"from":271,"to":94},{"start":7478,"from":94,"to":211},{"start":7499,"from":211,"to":305},{"start":7528,"from":305,"to":141},{"start":7543,"from":141,"to":93},{"start":7561,"from":93,"to":20},{"start":7596,"from":20,"to":263},{"start":7628,"from":263,"to":33},{"start":7666,"from":33,"to":393},{"start":7689,"from":393,"to":322},{"start":7718,"from":322,"to":184},{"start":7747,"from":184,"to":56},{"start":8065,"from":56,"to":261},{"start":8097,"from":261,"to":142},{"start":8115,"from":142,"to":29},{"start":8191,"from":29,"to":71},{"start":8219,"from":71,"to":65},{"start":8242,"from":65,"to":116},{"start":8263,"from":116,"to":354},{"start":8285,"from":354,"to":245},{"start":8299,"from":245,"to":196},{"start":8319,"from":196,"to":307},{"start":8334,"from":307,"to":168},{"start":8369,"from":168,"to":285},{"start":8406,"from":285,"to":73},{"start":8432,"from":73,"to":229},{"start":8460,"from":229,"to":61},{"start":8476,"from":61,"to":327},{"start":8504,"from":327,"to":158},{"start":8536,"from":158,"to":180},{"start":8545,"from":180,"to":280},{"start":8576,"from":280,"to":365},{"start":8606,"from":365,"to":185},{"start":8629,"from":185,"to":395},{"start":8660,"from":395,"to":194},{"start":8680,"from":194,"to":47},{"start":8703,"from":47,"to":246},{"start":8733,"from":246,"to":313},{"start":8751,"from":313,"to":85},{"start":9080,"from":85,"to":103},{"start":9108,"from":103,"to":222},{"start":9126,"from":222,"to":144},{"start":9157,"from":144,"to":387},{"start":9188,"from":387,"to":251},{"start":9219,"from":251,"to":273},{"start":9245,"from":273,"to":41},{"start":9273,"from":41,"to":319},{"start":9303,"from":319,"to":380},{"start":9333,"from":380,"to":16},{"start":9366,"from":16,"to":30},{"start":9399,"from":30,"to":59},{"start":9421,"from":59,"to":230},{"start":9445,"from":230,"to":80},{"start":9481,"from":80,"to":18},{"start":9503,"from":18,"to":399},{"start":9536,"from":399,"to":335},{"start":9565,"from":335,"to":203},{"start":9592,"from":203,"to":210},{"start":9621,"from":210,"to":99},{"start":9654,"from":99,"to":286},{"start":9687,"from":286,"to":104},{"start":9707,"from":104,"to":317},{"start":9717,"from":317,"to":226},{"start":9741,"from":226,"to":347},{"start":9760,"from":347,"to":252},{"start":10086,"from":252,"to":8},{"start":10123,"from":8,"to":278},{"start":10146,"from":278,"to":332},{"start":10168,"from":332,"to":368},{"start":10203,"from":368,"to":369},{"start":10238,"from":369,"to":360},{"start":10268,"from":360,"to":108},{"start":10290,"from":108,"to":328},{"start":10318,"from":328,"to":301},{"start":10349,"from":301,"to":231},{"start":10372,"from":231,"to":166},{"start":10393,"from":166,"to":389},{"start":10409,"from":389,"to":107},{"start":10428,"from":107,"to":396},{"start":10446,"from":396,"to":236},{"start":10473,"from":236,"to":91},{"start":10503,"from":91,"to":275},{"start":10532,"from":275,"to":295},{"start":10557,"from":295,"to":340},{"start":10570,"from":340,"to":48},{"start":10582,"from":48,"to":49},{"start":10601,"from":49,"to":176},{"start":10633,"from":176,"to":127},{"start":10661,"from":127,"to":118},{"start":10682,"from":118,"to":128},{"start":10692,"from":128,"to":362},{"start":10711,"from":362,"to":370},{"start":10730,"from":370,"to":42},{"start":10753,"from":42,"to":0},{"start":10779,"from":0,"to":303},{"start":11089,"from":303,"to":50},{"start":11123,"from":50,"to":200},{"start":11150,"from":200,"to":237},{"start":11176,"from":237,"to":243},{"start":11205,"from":243,"to":117},{"start":11235,"from":117,"to":131},{"start":11262,"from":131,"to":274},{"start":11283,"from":274,"to":353},{"start":11306,"from":353,"to":299},{"start":11331,"from":299,"to":366},{"start":11360,"from":366,"to":306},{"start":11397,"from":306,"to":1},{"start":11422,"from":1,"to":214},{"start":11440,"from":214,"to":51},{"start":11486,"from":51,"to":102},{"start":11521,"from":102,"to":320},{"start":11552,"from":320,"to":216},{"start":11571,"from":216,"to":268},{"start":11587,"from":268,"to":5},{"start":11606,"from":5,"to":341},{"start":11637,"from":341,"to":114},{"start":11666,"from":114,"to":137},{"start":11694,"from":137,"to":10},{"start":11722,"from":10,"to":331},{"start":11750,"from":331,"to":208},{"start":11779,"from":208,"to":376},{"start":11795,"from":376,"to":88},{"start":12099,"from":88,"to":183},{"start":12134,"from":183,"to":113},{"start":12164,"from":113,"to":213},{"start":12195,"from":213,"to":150},{"start":12225,"from":150,"to":292},{"start":12254,"from":292,"to":95},{"start":12281,"from":95,"to":339},{"start":12309,"from":339,"to":111},{"start":12339,"from":111,"to":219},{"start":12362,"from":219,"to":172},{"start":12386,"from":172,"to":34},{"start":12407,"from":34,"to":250},{"start":12436,"from":250,"to":220},{"start":12451,"from":220,"to":90},{"start":12469,"from":90,"to":343},{"start":12491,"from":343,"to":207},{"start":12516,"from":207,"to":44},{"start":12540,"from":44,"to":202},{"start":12565,"from":202,"to":154},{"start":12582,"from":154,"to":232},{"start":12599,"from":232,"to":22},{"start":12622,"from":22,"to":356},{"start":12644,"from":356,"to":304},{"start":12659,"from":304,"to":293},{"start":12678,"from":293,"to":68},{"start":12698,"from":68,"to":186},{"start":12713,"from":186,"to":55},{"start":12730,"from":55,"to":326},{"start":12747,"from":326,"to":83},{"start":12761,"from":83,"to":338},{"start":12782,"from":338,"to":385}],"jobs":[{"start":34,"id":77},{"start":59,"id":381},{"start":79,"id":374},{"start":169,"id":294},{"start":190,"id":359},{"start":239,"id":234},{"start":354,"id":297},{"start":386,"id":69},{"start":408,"id":165},{"start":424,"id":12},{"start":445,"id":43},{"start":463,"id":225},{"start":483,"id":264},{"start":516,"id":227},{"start":540,"id":277},{"start":564,"id":345},{"start":592,"id":75},{"start":626,"id":100},{"start":649,"id":321},{"start":670,"id":198},{"start":700,"id":14},{"start":1012,"id":363},{"start":1044,"id":163},{"start":1082,"id":133},{"start":1124,"id":384},{"start":1161,"id":161},{"start":1194,"id":153},{"start":1221,"id":358},{"start":1249,"id":221},{"start":1262,"id":119},{"start":1297,"id":383},{"start":1325,"id":31},{"start":1347,"id":122},{"start":1358,"id":309},{"start":1405,"id":337},{"start":1438,"id":188},{"start":1459,"id":284},{"start":1474,"id":308},{"start":1490,"id":215},{"start":1505,"id":287},{"start":1523,"id":64},{"start":1556,"id":177},{"start":1585,"id":346},{"start":1610,"id":218},{"start":1632,"id":279},{"start":1653,"id":106},{"start":1679,"id":315},{"start":1703,"id":115},{"start":2020,"id":19},{"start":2048,"id":372},{"start":2081,"id":32},{"start":2139,"id":270},{"start":2165,"id":382},{"start":2186,"id":143},{"start":2238,"id":24},{"start":2267,"id":124},{"start":2290,"id":40},{"start":2309,"id":84},{"start":2329,"id":357},{"start":2341,"id":204},{"start":2356,"id":171},{"start":2387,"id":318},{"start":2407,"id":350},{"start":2443,"id":379},{"start":2472,"id":367},{"start":2492,"id":96},{"start":2513,"id":272},{"start":2533,"id":25},{"start":2569,"id":23},{"start":2579,"id":239},{"start":2596,"id":130},{"start":2619,"id":206},{"start":2645,"id":212},{"start":2668,"id":254},{"start":2695,"id":120},{"start":2721,"id":298},{"start":3032,"id":391},{"start":3069,"id":283},{"start":3093,"id":182},{"start":3114,"id":2},{"start":3149,"id":238},{"start":3172,"id":217},{"start":3194,"id":189},{"start":3232,"id":164},{"start":3252,"id":349},{"start":3283,"id":288},{"start":3313,"id":78},{"start":3341,"id":58},{"start":3363,"id":333},{"start":3387,"id":228},{"start":3408,"id":28},{"start":3452,"id":81},{"start":3488,"id":36},{"start":3508,"id":169},{"start":3530,"id":242},{"start":3546,"id":125},{"start":3576,"id":123},{"start":3600,"id":4},{"start":3623,"id":148},{"start":3646,"id":255},{"start":3661,"id":269},{"start":3678,"id":282},{"start":3701,"id":110},{"start":3719,"id":310},{"start":3733,"id":323},{"start":4038,"id":248},{"start":4075,"id":361},{"start":4108,"id":300},{"start":4142,"id":152},{"start":4174,"id":70},{"start":4197,"id":145},{"start":4215,"id":76},{"start":4233,"id":17},{"start":4264,"id":11},{"start":4290,"id":257},{"start":4316,"id":87},{"start":4336,"id":52},{"start":4360,"id":324},{"start":4380,"id":109},{"start":4411,"id":378},{"start":4436,"id":159},{"start":4466,"id":126},{"start":4498,"id":45},{"start":4517,"id":13},{"start":4543,"id":373},{"start":4555,"id":167},{"start":4588,"id":316},{"start":4611,"id":260},{"start":4633,"id":97},{"start":4657,"id":197},{"start":4685,"id":79},{"start":4702,"id":195},{"start":4733,"id":101},{"start":5055,"id":46},{"start":5087,"id":392},{"start":5118,"id":199},{"start":5130,"id":138},{"start":5164,"id":258},{"start":5195,"id":371},{"start":5223,"id":139},{"start":5253,"id":296},{"start":5269,"id":121},{"start":5301,"id":3},{"start":5329,"id":35},{"start":5347,"id":351},{"start":5370,"id":325},{"start":5392,"id":62},{"start":5420,"id":82},{"start":5461,"id":191},{"start":5500,"id":311},{"start":5528,"id":375},{"start":5561,"id":247},{"start":5597,"id":390},{"start":5630,"id":244},{"start":5653,"id":187},{"start":5676,"id":136},{"start":5698,"id":223},{"start":5715,"id":92},{"start":5742,"id":344},{"start":6055,"id":146},{"start":6076,"id":129},{"start":6102,"id":259},{"start":6130,"id":302},{"start":6163,"id":394},{"start":6191,"id":39},{"start":6228,"id":256},{"start":6236,"id":66},{"start":6259,"id":98},{"start":6344,"id":7},{"start":6379,"id":15},{"start":6423,"id":388},{"start":6455,"id":160},{"start":6481,"id":355},{"start":6505,"id":155},{"start":6543,"id":193},{"start":6577,"id":63},{"start":6592,"id":290},{"start":6613,"id":240},{"start":6648,"id":348},{"start":6666,"id":38},{"start":6691,"id":265},{"start":6709,"id":291},{"start":6732,"id":336},{"start":6755,"id":181},{"start":7096,"id":86},{"start":7190,"id":192},{"start":7221,"id":342},{"start":7245,"id":364},{"start":7274,"id":37},{"start":7295,"id":178},{"start":7316,"id":162},{"start":7344,"id":190},{"start":7373,"id":132},{"start":7408,"id":271},{"start":7450,"id":94},{"start":7482,"id":211},{"start":7501,"id":305},{"start":7530,"id":141},{"start":7547,"id":93},{"start":7565,"id":20},{"start":7600,"id":263},{"start":7632,"id":33},{"start":7670,"id":393},{"start":7691,"id":322},{"start":7722,"id":184},{"start":7751,"id":56},{"start":8069,"id":261},{"start":8101,"id":142},{"start":8119,"id":29},{"start":8193,"id":71},{"start":8223,"id":65},{"start":8244,"id":116},{"start":8265,"id":354},{"start":8287,"id":245},{"start":8303,"id":196},{"start":8323,"id":307},{"start":8338,"id":168},{"start":8373,"id":285},{"start":8410,"id":73},{"start":8436,"id":229},{"start":8464,"id":61},{"start":8478,"id":327},{"start":8507,"id":158},{"start":8540,"id":180},{"start":8549,"id":280},{"start":8580,"id":365},{"start":8610,"id":185},{"start":8633,"id":395},{"start":8662,"id":194},{"start":8682,"id":47},{"start":8705,"id":246},{"start":8736,"id":313},{"start":8755,"id":85},{"start":9084,"id":103},{"start":9112,"id":222},{"start":9129,"id":144},{"start":9161,"id":387},{"start":9192,"id":251},{"start":9221,"id":273},{"start":9249,"id":41},{"start":9277,"id":319},{"start":9306,"id":380},{"start":9335,"id":16},{"start":9368,"id":30},{"start":9402,"id":59},{"start":9423,"id":230},{"start":9447,"id":80},{"start":9485,"id":18},{"start":9507,"id":399},{"start":9540,"id":335},{"start":9569,"id":203},{"start":9596,"id":210},{"start":9625,"id":99},{"start":9658,"id":286},{"start":9689,"id":104},{"start":9709,"id":317},{"start":9719,"id":226},{"start":9743,"id":347},{"start":9764,"id":252},{"start":10090,"id":8},{"start":10127,"id":278},{"start":10148,"id":332},{"start":10172,"id":368},{"start":10207,"id":369},{"start":10241,"id":360},{"start":10272,"id":108},{"start":10294,"id":328},{"start":10320,"id":301},{"start":10353,"id":231},{"start":10374,"id":166},{"start":10395,"id":389},{"start":10411,"id":107},{"start":10430,"id":396},{"start":10448,"id":236},{"start":10475,"id":91},{"start":10505,"id":275},{"start":10534,"id":295},{"start":10559,"id":340},{"start":10574,"id":48},{"start":10585,"id":49},{"start":10603,"id":176},{"start":10635,"id":127},{"start":10663,"id":118},{"start":10684,"id":128},{"start":10694,"id":362},{"start":10713,"id":370},{"start":10734,"id":42},{"start":10755,"id":0},{"start":10781,"id":303},{"start":11091,"id":50},{"start":11125,"id":200},{"start":11153,"id":237},{"start":11180,"id":243},{"start":11207,"id":117},{"start":11237,"id":131},{"start":11266,"id":274},{"start":11287,"id":353},{"start":11309,"id":299},{"start":11333,"id":366},{"start":11362,"id":306},{"start":11399,"id":1},{"start":11424,"id":214},{"start":11442,"id":51},{"start":11490,"id":102},{"start":11525,"id":320},{"start":11554,"id":216},{"start":11573,"id":268},{"start":11589,"id":5},{"start":11609,"id":341},{"start":11639,"id":114},{"start":11669,"id":137},{"start":11696,"id":10},{"start":11724,"id":331},{"start":11752,"id":208},{"start":11781,"id":376},{"start":11797,"id":88},{"start":12103,"id":183},{"start":12136,"id":113},{"start":12167,"id":213},{"start":12197,"id":150},{"start":12227,"id":292},{"start":12256,"id":95},{"start":12283,"id":339},{"start":12311,"id":111},{"start":12341,"id":219},{"start":12364,"id":172},{"start":12389,"id":34},{"start":12409,"id":250},{"start":12438,"id":220},{"start":12453,"id":90},{"start":12471,"id":343},{"start":12495,"id":207},{"start":12518,"id":44},{"start":12543,"id":202},{"start":12567,"id":154},{"start":12584,"id":232},{"start":12601,"id":22},{"start":12624,"id":356},{"start":12646,"id":304},{"start":12661,"id":293},{"start":12680,"id":68},{"start":12700,"id":186},{"start":12715,"id":55},{"start":12732,"id":326},{"start":12750,"id":83},{"start":12765,"id":338},{"start":12784,"id":385}],"name":"B-400-90","value":247393.45}