{"setups":[{"start":75,"from":32,"to":26},{"start":97,"from":26,"to":24},{"start":172,"from":24,"to":50},{"start":188,"from":50,"to":79},{"start":209,"from":79,"to":70},{"start":227,"from":70,"to":35},{"start":238,"from":35,"to":30},{"start":332,"from":30,"to":87},{"start":351,"from":87,"to":82},{"start":369,"from":82,"to":68},{"start":479,"from":68,"to":27},{"start":498,"from":27,"to":86},{"start":600,"from":86,"to":12},{"start":609,"from":12,"to":39},{"start":626,"from":39,"to":85},{"start":642,"from":85,"to":92},{"start":658,"from":92,"to":97},{"start":674,"from":97,"to":21},{"start":691,"from":21,"to":6},{"start":705,"from":6,"to":51},{"start":1015,"from":51,"to":88},{"start":1034,"from":88,"to":95},{"start":1052,"from":95,"to":3},{"start":1165,"from":3,"to":38},{"start":1177,"from":38,"to":52},{"start":1190,"from":52,"to":23},{"start":1200,"from":23,"to":65},{"start":1222,"from":65,"to":64},{"start":1237,"from":64,"to":66},{"start":1469,"from":66,"to":71},{"start":1528,"from":71,"to":44},{"start":1652,"from":44,"to":77},{"start":1668,"from":77,"to":89},{"start":1683,"from":89,"to":75},{"start":1699,"from":75,"to":46},{"start":1710,"from":46,"to":83},{"start":2049,"from":83,"to":13},{"start":2080,"from":13,"to":28},{"start":2094,"from":28,"to":56},{"start":2195,"from":56,"to":84},{"start":2207,"from":84,"to":60},{"start":2320,"from":60,"to":11},{"start":2339,"from":11,"to":34},{"start":2359,"from":34,"to":61},{"start":2454,"from":61,"to":33},{"start":2474,"from":33,"to":43},{"start":2491,"from":43,"to":40},{"start":2516,"from":40,"to":9},{"start":2532,"from":9,"to":29},{"start":2545,"from":29,"to":55},{"start":2573,"from":55,"to":1},{"start":2593,"from":1,"to":67},{"start":2609,"from":67,"to":0},{"start":2628,"from":0,"to":31},{"start":2646,"from":31,"to":45},{"start":2658,"from":45,"to":48},{"start":2677,"from":48,"to":42},{"start":2689,"from":42,"to":80},{"start":2709,"from":80,"to":69},{"start":2722,"from":69,"to":53},{"start":3068,"from":53,"to":5},{"start":3087,"from":5,"to":36},{"start":3101,"from":36,"to":19},{"start":3262,"from":19,"to":74},{"start":3275,"from":74,"to":90},{"start":3292,"from":90,"to":63},{"start":3311,"from":63,"to":25},{"start":3325,"from":25,"to":2},{"start":3339,"from":2,"to":18},{"start":3352,"from":18,"to":22},{"start":3365,"from":22,"to":76},{"start":3378,"from":76,"to":49},{"start":3390,"from":49,"to":91},{"start":3460,"from":91,"to":72},{"start":3480,"from":72,"to":8},{"start":3493,"from":8,"to":58},{"start":3509,"from":58,"to":98},{"start":3532,"from":98,"to":7},{"start":3550,"from":7,"to":10},{"start":3598,"from":10,"to":16},{"start":3623,"from":16,"to":54},{"start":3640,"from":54,"to":59},{"start":3655,"from":59,"to":94},{"start":3676,"from":94,"to":99},{"start":3695,"from":99,"to":41},{"start":3710,"from":41,"to":73},{"start":3725,"from":73,"to":93},{"start":4063,"from":93,"to":81},{"start":4076,"from":81,"to":15},{"start":4096,"from":15,"to":37},{"start":4108,"from":37,"to":4},{"start":4122,"from":4,"to":78},{"start":4204,"from":78,"to":20},{"start":4242,"from":20,"to":57},{"start":4284,"from":57,"to":47},{"start":4291,"from":47,"to":17},{"start":4298,"from":17,"to":62},{"start":4305,"from":62,"to":14},{"start":4312,"from":14,"to":96}],"jobs":[{"start":62,"id":32},{"start":79,"id":26},{"start":101,"id":24},{"start":176,"id":50},{"start":192,"id":79},{"start":211,"id":70},{"start":229,"id":35},{"start":241,"id":30},{"start":336,"id":87},{"start":355,"id":82},{"start":372,"id":68},{"start":483,"id":27},{"start":500,"id":86},{"start":603,"id":12},{"start":613,"id":39},{"start":630,"id":85},{"start":644,"id":92},{"start":661,"id":97},{"start":676,"id":21},{"start":693,"id":6},{"start":709,"id":51},{"start":1019,"id":88},{"start":1038,"id":95},{"start":1056,"id":3},{"start":1168,"id":38},{"start":1179,"id":52},{"start":1192,"id":23},{"start":1204,"id":65},{"start":1226,"id":64},{"start":1240,"id":66},{"start":1473,"id":71},{"start":1532,"id":44},{"start":1656,"id":77},{"start":1670,"id":89},{"start":1687,"id":75},{"start":1701,"id":46},{"start":1712,"id":83},{"start":2052,"id":13},{"start":2082,"id":28},{"start":2098,"id":56},{"start":2199,"id":84},{"start":2211,"id":60},{"start":2322,"id":11},{"start":2343,"id":34},{"start":2363,"id":61},{"start":2458,"id":33},{"start":2478,"id":43},{"start":2495,"id":40},{"start":2520,"id":9},{"start":2536,"id":29},{"start":2549,"id":55},{"start":2577,"id":1},{"start":2595,"id":67},{"start":2613,"id":0},{"start":2632,"id":31},{"start":2648,"id":45},{"start":2660,"id":48},{"start":2679,"id":42},{"start":2693,"id":80},{"start":2711,"id":69},{"start":2725,"id":53},{"start":3072,"id":5},{"start":3091,"id":36},{"start":3105,"id":19},{"start":3265,"id":74},{"start":3278,"id":90},{"start":3296,"id":63},{"start":3314,"id":25},{"start":3327,"id":2},{"start":3343,"id":18},{"start":3354,"id":22},{"start":3367,"id":76},{"start":3380,"id":49},{"start":3392,"id":91},{"start":3463,"id":72},{"start":3482,"id":8},{"start":3496,"id":58},{"start":3512,"id":98},{"start":3534,"id":7},{"start":3554,"id":10},{"start":3602,"id":16},{"start":3627,"id":54},{"start":3642,"id":59},{"start":3659,"id":94},{"start":3680,"id":99},{"start":3698,"id":41},{"start":3712,"id":73},{"start":3729,"id":93},{"start":4065,"id":81},{"start":4080,"id":15},{"start":4098,"id":37},{"start":4112,"id":4},{"start":4125,"id":78},{"start":4208,"id":20},{"start":4245,"id":57},{"start":4287,"id":47},{"start":4294,"id":17},{"start":4301,"id":62},{"start":4308,"id":14},{"start":4316,"id":96}],"name":"A-100-30","value":23239.44}