{"setups":[{"start":24,"from":36,"to":256},{"start":38,"from":256,"to":177},{"start":77,"from":177,"to":80},{"start":115,"from":80,"to":270},{"start":144,"from":270,"to":387},{"start":172,"from":387,"to":38},{"start":193,"from":38,"to":55},{"start":227,"from":55,"to":246},{"start":257,"from":246,"to":276},{"start":279,"from":276,"to":182},{"start":304,"from":182,"to":235},{"start":328,"from":235,"to":362},{"start":359,"from":362,"to":144},{"start":394,"from":144,"to":308},{"start":422,"from":308,"to":333},{"start":439,"from":333,"to":61},{"start":455,"from":61,"to":136},{"start":477,"from":136,"to":115},{"start":507,"from":115,"to":90},{"start":531,"from":90,"to":265},{"start":554,"from":265,"to":289},{"start":570,"from":289,"to":35},{"start":592,"from":35,"to":301},{"start":626,"from":301,"to":154},{"start":657,"from":154,"to":310},{"start":668,"from":310,"to":228},{"start":688,"from":228,"to":198},{"start":701,"from":198,"to":356},{"start":1012,"from":356,"to":279},{"start":1045,"from":279,"to":160},{"start":1072,"from":160,"to":180},{"start":1092,"from":180,"to":76},{"start":1115,"from":76,"to":109},{"start":1142,"from":109,"to":75},{"start":1174,"from":75,"to":208},{"start":1188,"from":208,"to":146},{"start":1222,"from":146,"to":229},{"start":1254,"from":229,"to":281},{"start":1276,"from":281,"to":399},{"start":1297,"from":399,"to":57},{"start":1321,"from":57,"to":321},{"start":1355,"from":321,"to":352},{"start":1373,"from":352,"to":152},{"start":1396,"from":152,"to":307},{"start":1422,"from":307,"to":87},{"start":1452,"from":87,"to":93},{"start":1482,"from":93,"to":133},{"start":1520,"from":133,"to":243},{"start":1539,"from":243,"to":261},{"start":1568,"from":261,"to":121},{"start":1587,"from":121,"to":40},{"start":1609,"from":40,"to":272},{"start":1635,"from":272,"to":207},{"start":1655,"from":207,"to":230},{"start":1673,"from":230,"to":337},{"start":1691,"from":337,"to":22},{"start":1706,"from":22,"to":369},{"start":2033,"from":369,"to":336},{"start":2054,"from":336,"to":96},{"start":2082,"from":96,"to":266},{"start":2098,"from":266,"to":129},{"start":2205,"from":129,"to":2},{"start":2237,"from":2,"to":173},{"start":2270,"from":173,"to":384},{"start":2295,"from":384,"to":389},{"start":2329,"from":389,"to":126},{"start":2349,"from":126,"to":251},{"start":2377,"from":251,"to":282},{"start":2399,"from":282,"to":44},{"start":2425,"from":44,"to":148},{"start":2450,"from":148,"to":94},{"start":2483,"from":94,"to":172},{"start":2505,"from":172,"to":285},{"start":2535,"from":285,"to":3},{"start":2555,"from":3,"to":153},{"start":2578,"from":153,"to":300},{"start":2595,"from":300,"to":306},{"start":2619,"from":306,"to":14},{"start":2638,"from":14,"to":287},{"start":2660,"from":287,"to":364},{"start":2686,"from":364,"to":292},{"start":2709,"from":292,"to":263},{"start":3032,"from":263,"to":355},{"start":3067,"from":355,"to":134},{"start":3079,"from":134,"to":98},{"start":3112,"from":98,"to":185},{"start":3144,"from":185,"to":273},{"start":3175,"from":273,"to":139},{"start":3196,"from":139,"to":132},{"start":3216,"from":132,"to":138},{"start":3241,"from":138,"to":220},{"start":3272,"from":220,"to":67},{"start":3306,"from":67,"to":17},{"start":3337,"from":17,"to":51},{"start":3363,"from":51,"to":123},{"start":3396,"from":123,"to":210},{"start":3415,"from":210,"to":241},{"start":3441,"from":241,"to":320},{"start":3472,"from":320,"to":1},{"start":3494,"from":1,"to":74},{"start":3522,"from":74,"to":88},{"start":3541,"from":88,"to":342},{"start":3556,"from":342,"to":60},{"start":3579,"from":60,"to":215},{"start":3604,"from":215,"to":398},{"start":3632,"from":398,"to":280},{"start":3658,"from":280,"to":227},{"start":3679,"from":227,"to":169},{"start":3708,"from":169,"to":268},{"start":3720,"from":268,"to":131},{"start":4034,"from":131,"to":168},{"start":4073,"from":168,"to":156},{"start":4103,"from":156,"to":224},{"start":4137,"from":224,"to":204},{"start":4168,"from":204,"to":13},{"start":4198,"from":13,"to":213},{"start":4229,"from":213,"to":122},{"start":4249,"from":122,"to":128},{"start":4279,"from":128,"to":62},{"start":4308,"from":62,"to":66},{"start":4331,"from":66,"to":147},{"start":4359,"from":147,"to":313},{"start":4381,"from":313,"to":50},{"start":4401,"from":50,"to":25},{"start":4434,"from":25,"to":81},{"start":4463,"from":81,"to":358},{"start":4491,"from":358,"to":92},{"start":4507,"from":92,"to":167},{"start":4532,"from":167,"to":363},{"start":4546,"from":363,"to":124},{"start":4576,"from":124,"to":303},{"start":4597,"from":303,"to":95},{"start":4616,"from":95,"to":345},{"start":4625,"from":345,"to":288},{"start":4647,"from":288,"to":189},{"start":4671,"from":189,"to":16},{"start":4693,"from":16,"to":275},{"start":4715,"from":275,"to":199},{"start":4735,"from":199,"to":326},{"start":5053,"from":326,"to":286},{"start":5086,"from":286,"to":341},{"start":5117,"from":341,"to":69},{"start":5151,"from":69,"to":226},{"start":5182,"from":226,"to":284},{"start":5210,"from":284,"to":48},{"start":5238,"from":48,"to":4},{"start":5256,"from":4,"to":283},{"start":5290,"from":283,"to":239},{"start":5323,"from":239,"to":33},{"start":5348,"from":33,"to":58},{"start":5376,"from":58,"to":21},{"start":5404,"from":21,"to":78},{"start":5425,"from":78,"to":254},{"start":5447,"from":254,"to":312},{"start":5478,"from":312,"to":212},{"start":5501,"from":212,"to":181},{"start":5528,"from":181,"to":296},{"start":5546,"from":296,"to":348},{"start":5576,"from":348,"to":104},{"start":5609,"from":104,"to":24},{"start":5630,"from":24,"to":70},{"start":5654,"from":70,"to":193},{"start":5677,"from":193,"to":15},{"start":5710,"from":15,"to":106},{"start":5734,"from":106,"to":171},{"start":6051,"from":171,"to":325},{"start":6074,"from":325,"to":163},{"start":6088,"from":163,"to":192},{"start":6105,"from":192,"to":135},{"start":6118,"from":135,"to":262},{"start":6130,"from":262,"to":305},{"start":6166,"from":305,"to":374},{"start":6197,"from":374,"to":267},{"start":6211,"from":267,"to":334},{"start":6244,"from":334,"to":107},{"start":6266,"from":107,"to":125},{"start":6298,"from":125,"to":8},{"start":6325,"from":8,"to":196},{"start":6349,"from":196,"to":73},{"start":6377,"from":73,"to":294},{"start":6414,"from":294,"to":203},{"start":6445,"from":203,"to":278},{"start":6475,"from":278,"to":378},{"start":6505,"from":378,"to":375},{"start":6529,"from":375,"to":376},{"start":6543,"from":376,"to":211},{"start":6572,"from":211,"to":43},{"start":6586,"from":43,"to":12},{"start":6607,"from":12,"to":257},{"start":6631,"from":257,"to":200},{"start":6653,"from":200,"to":271},{"start":6683,"from":271,"to":234},{"start":6707,"from":234,"to":105},{"start":6735,"from":105,"to":10},{"start":6749,"from":10,"to":83},{"start":7063,"from":83,"to":140},{"start":7094,"from":140,"to":252},{"start":7127,"from":252,"to":23},{"start":7161,"from":23,"to":332},{"start":7194,"from":332,"to":166},{"start":7217,"from":166,"to":359},{"start":7241,"from":359,"to":111},{"start":7273,"from":111,"to":97},{"start":7303,"from":97,"to":366},{"start":7331,"from":366,"to":219},{"start":7362,"from":219,"to":394},{"start":7382,"from":394,"to":77},{"start":7413,"from":77,"to":327},{"start":7431,"from":327,"to":102},{"start":7458,"from":102,"to":319},{"start":7481,"from":319,"to":298},{"start":7513,"from":298,"to":392},{"start":7524,"from":392,"to":143},{"start":7537,"from":143,"to":274},{"start":7572,"from":274,"to":322},{"start":7596,"from":322,"to":244},{"start":7620,"from":244,"to":299},{"start":7641,"from":299,"to":291},{"start":7665,"from":291,"to":350},{"start":7676,"from":350,"to":114},{"start":7699,"from":114,"to":214},{"start":7718,"from":214,"to":255},{"start":7748,"from":255,"to":304},{"start":7763,"from":304,"to":112},{"start":8066,"from":112,"to":130},{"start":8104,"from":130,"to":339},{"start":8120,"from":339,"to":27},{"start":8139,"from":27,"to":330},{"start":8169,"from":330,"to":237},{"start":8195,"from":237,"to":82},{"start":8234,"from":82,"to":340},{"start":8253,"from":340,"to":323},{"start":8279,"from":323,"to":170},{"start":8303,"from":170,"to":222},{"start":8317,"from":222,"to":72},{"start":8352,"from":72,"to":353},{"start":8380,"from":353,"to":245},{"start":8412,"from":245,"to":223},{"start":8447,"from":223,"to":119},{"start":8480,"from":119,"to":184},{"start":8512,"from":184,"to":248},{"start":8537,"from":248,"to":110},{"start":8561,"from":110,"to":127},{"start":8589,"from":127,"to":176},{"start":8624,"from":176,"to":19},{"start":8648,"from":19,"to":382},{"start":8664,"from":382,"to":314},{"start":8686,"from":314,"to":258},{"start":8703,"from":258,"to":120},{"start":8732,"from":120,"to":367},{"start":8753,"from":367,"to":309},{"start":8766,"from":309,"to":186},{"start":9078,"from":186,"to":141},{"start":9112,"from":141,"to":174},{"start":9133,"from":174,"to":344},{"start":9152,"from":344,"to":315},{"start":9172,"from":315,"to":155},{"start":9203,"from":155,"to":250},{"start":9221,"from":250,"to":197},{"start":9241,"from":197,"to":116},{"start":9257,"from":116,"to":349},{"start":9276,"from":349,"to":206},{"start":9300,"from":206,"to":264},{"start":9328,"from":264,"to":249},{"start":9349,"from":249,"to":188},{"start":9364,"from":188,"to":52},{"start":9393,"from":52,"to":64},{"start":9417,"from":64,"to":151},{"start":9440,"from":151,"to":395},{"start":9462,"from":395,"to":86},{"start":9487,"from":86,"to":7},{"start":9517,"from":7,"to":84},{"start":9530,"from":84,"to":39},{"start":9555,"from":39,"to":233},{"start":9576,"from":233,"to":108},{"start":9600,"from":108,"to":34},{"start":9624,"from":34,"to":162},{"start":9650,"from":162,"to":149},{"start":9678,"from":149,"to":290},{"start":9712,"from":290,"to":101},{"start":9741,"from":101,"to":368},{"start":9762,"from":368,"to":372},{"start":9774,"from":372,"to":159},{"start":10089,"from":159,"to":381},{"start":10123,"from":381,"to":202},{"start":10147,"from":202,"to":68},{"start":10182,"from":68,"to":37},{"start":10200,"from":37,"to":56},{"start":10229,"from":56,"to":361},{"start":10255,"from":361,"to":242},{"start":10269,"from":242,"to":85},{"start":10298,"from":85,"to":357},{"start":10325,"from":357,"to":137},{"start":10358,"from":137,"to":157},{"start":10386,"from":157,"to":277},{"start":10419,"from":277,"to":9},{"start":10443,"from":9,"to":195},{"start":10449,"from":195,"to":11},{"start":10465,"from":11,"to":371},{"start":10502,"from":371,"to":145},{"start":10530,"from":145,"to":269},{"start":10560,"from":269,"to":30},{"start":10589,"from":30,"to":324},{"start":10623,"from":324,"to":118},{"start":10657,"from":118,"to":383},{"start":10676,"from":383,"to":311},{"start":10697,"from":311,"to":347},{"start":10718,"from":347,"to":179},{"start":10734,"from":179,"to":209},{"start":10764,"from":209,"to":187},{"start":10786,"from":187,"to":328},{"start":11091,"from":328,"to":5},{"start":11121,"from":5,"to":293},{"start":11152,"from":293,"to":31},{"start":11183,"from":31,"to":165},{"start":11216,"from":165,"to":225},{"start":11248,"from":225,"to":26},{"start":11286,"from":26,"to":89},{"start":11308,"from":89,"to":191},{"start":11328,"from":191,"to":161},{"start":11354,"from":161,"to":396},{"start":11374,"from":396,"to":150},{"start":11401,"from":150,"to":217},{"start":11432,"from":217,"to":343},{"start":11454,"from":343,"to":175},{"start":11470,"from":175,"to":385},{"start":11500,"from":385,"to":218},{"start":11534,"from":218,"to":380},{"start":11548,"from":380,"to":18},{"start":11580,"from":18,"to":53},{"start":11604,"from":53,"to":113},{"start":11618,"from":113,"to":238},{"start":11649,"from":238,"to":331},{"start":11680,"from":331,"to":232},{"start":11707,"from":232,"to":397},{"start":11722,"from":397,"to":351},{"start":11743,"from":351,"to":49},{"start":11761,"from":49,"to":45},{"start":11788,"from":45,"to":142},{"start":12111,"from":142,"to":316},{"start":12143,"from":316,"to":247},{"start":12174,"from":247,"to":216},{"start":12209,"from":216,"to":260},{"start":12244,"from":260,"to":28},{"start":12265,"from":28,"to":29},{"start":12283,"from":29,"to":205},{"start":12289,"from":205,"to":32},{"start":12322,"from":32,"to":354},{"start":12344,"from":354,"to":42},{"start":12365,"from":42,"to":302},{"start":12390,"from":302,"to":65},{"start":12422,"from":65,"to":183},{"start":12435,"from":183,"to":117},{"start":12466,"from":117,"to":297},{"start":12472,"from":297,"to":190},{"start":12478,"from":190,"to":54},{"start":12493,"from":54,"to":79},{"start":12521,"from":79,"to":393},{"start":12539,"from":393,"to":91},{"start":12560,"from":91,"to":390},{"start":12585,"from":390,"to":253},{"start":12600,"from":253,"to":236},{"start":12619,"from":236,"to":373},{"start":12625,"from":373,"to":47},{"start":12652,"from":47,"to":59},{"start":12658,"from":59,"to":103},{"start":12680,"from":103,"to":259},{"start":12686,"from":259,"to":194},{"start":12714,"from":194,"to":329},{"start":12720,"from":329,"to":346},{"start":12745,"from":346,"to":231},{"start":12768,"from":231,"to":46},{"start":12774,"from":46,"to":317},{"start":12780,"from":317,"to":295},{"start":12797,"from":295,"to":20},{"start":12803,"from":20,"to":335},{"start":12809,"from":335,"to":379}],"jobs":[{"start":2,"id":36},{"start":28,"id":256},{"start":42,"id":177},{"start":81,"id":80},{"start":119,"id":270},{"start":148,"id":387},{"start":176,"id":38},{"start":195,"id":55},{"start":231,"id":246},{"start":259,"id":276},{"start":282,"id":182},{"start":306,"id":235},{"start":332,"id":362},{"start":362,"id":144},{"start":398,"id":308},{"start":424,"id":333},{"start":441,"id":61},{"start":459,"id":136},{"start":481,"id":115},{"start":510,"id":90},{"start":534,"id":265},{"start":556,"id":289},{"start":573,"id":35},{"start":595,"id":301},{"start":628,"id":154},{"start":659,"id":310},{"start":670,"id":228},{"start":690,"id":198},{"start":705,"id":356},{"start":1016,"id":279},{"start":1049,"id":160},{"start":1076,"id":180},{"start":1096,"id":76},{"start":1118,"id":109},{"start":1146,"id":75},{"start":1176,"id":208},{"start":1190,"id":146},{"start":1225,"id":229},{"start":1257,"id":281},{"start":1278,"id":399},{"start":1299,"id":57},{"start":1323,"id":321},{"start":1357,"id":352},{"start":1375,"id":152},{"start":1399,"id":307},{"start":1425,"id":87},{"start":1455,"id":93},{"start":1486,"id":133},{"start":1522,"id":243},{"start":1543,"id":261},{"start":1570,"id":121},{"start":1590,"id":40},{"start":1612,"id":272},{"start":1638,"id":207},{"start":1657,"id":230},{"start":1676,"id":337},{"start":1694,"id":22},{"start":1710,"id":369},{"start":2036,"id":336},{"start":2058,"id":96},{"start":2086,"id":266},{"start":2100,"id":129},{"start":2207,"id":2},{"start":2241,"id":173},{"start":2272,"id":384},{"start":2298,"id":389},{"start":2333,"id":126},{"start":2352,"id":251},{"start":2380,"id":282},{"start":2403,"id":44},{"start":2427,"id":148},{"start":2454,"id":94},{"start":2485,"id":172},{"start":2508,"id":285},{"start":2539,"id":3},{"start":2558,"id":153},{"start":2581,"id":300},{"start":2597,"id":306},{"start":2621,"id":14},{"start":2641,"id":287},{"start":2662,"id":364},{"start":2690,"id":292},{"start":2713,"id":263},{"start":3036,"id":355},{"start":3069,"id":134},{"start":3083,"id":98},{"start":3115,"id":185},{"start":3147,"id":273},{"start":3177,"id":139},{"start":3200,"id":132},{"start":3220,"id":138},{"start":3243,"id":220},{"start":3276,"id":67},{"start":3310,"id":17},{"start":3341,"id":51},{"start":3367,"id":123},{"start":3400,"id":210},{"start":3417,"id":241},{"start":3443,"id":320},{"start":3476,"id":1},{"start":3496,"id":74},{"start":3526,"id":88},{"start":3543,"id":342},{"start":3559,"id":60},{"start":3581,"id":215},{"start":3608,"id":398},{"start":3634,"id":280},{"start":3660,"id":227},{"start":3681,"id":169},{"start":3710,"id":268},{"start":3724,"id":131},{"start":4038,"id":168},{"start":4077,"id":156},{"start":4107,"id":224},{"start":4141,"id":204},{"start":4171,"id":13},{"start":4202,"id":213},{"start":4231,"id":122},{"start":4253,"id":128},{"start":4283,"id":62},{"start":4311,"id":66},{"start":4334,"id":147},{"start":4363,"id":313},{"start":4385,"id":50},{"start":4405,"id":25},{"start":4437,"id":81},{"start":4466,"id":358},{"start":4495,"id":92},{"start":4509,"id":167},{"start":4536,"id":363},{"start":4550,"id":124},{"start":4578,"id":303},{"start":4600,"id":95},{"start":4618,"id":345},{"start":4627,"id":288},{"start":4651,"id":189},{"start":4673,"id":16},{"start":4696,"id":275},{"start":4717,"id":199},{"start":4738,"id":326},{"start":5057,"id":286},{"start":5090,"id":341},{"start":5121,"id":69},{"start":5154,"id":226},{"start":5184,"id":284},{"start":5212,"id":48},{"start":5240,"id":4},{"start":5259,"id":283},{"start":5294,"id":239},{"start":5325,"id":33},{"start":5350,"id":58},{"start":5380,"id":21},{"start":5408,"id":78},{"start":5429,"id":254},{"start":5451,"id":312},{"start":5480,"id":212},{"start":5504,"id":181},{"start":5530,"id":296},{"start":5548,"id":348},{"start":5580,"id":104},{"start":5611,"id":24},{"start":5632,"id":70},{"start":5656,"id":193},{"start":5679,"id":15},{"start":5712,"id":106},{"start":5737,"id":171},{"start":6054,"id":325},{"start":6078,"id":163},{"start":6091,"id":192},{"start":6109,"id":135},{"start":6121,"id":262},{"start":6134,"id":305},{"start":6168,"id":374},{"start":6199,"id":267},{"start":6215,"id":334},{"start":6248,"id":107},{"start":6268,"id":125},{"start":6300,"id":8},{"start":6328,"id":196},{"start":6353,"id":73},{"start":6379,"id":294},{"start":6418,"id":203},{"start":6447,"id":278},{"start":6477,"id":378},{"start":6508,"id":375},{"start":6532,"id":376},{"start":6547,"id":211},{"start":6574,"id":43},{"start":6588,"id":12},{"start":6609,"id":257},{"start":6633,"id":200},{"start":6657,"id":271},{"start":6686,"id":234},{"start":6709,"id":105},{"start":6737,"id":10},{"start":6752,"id":83},{"start":7067,"id":140},{"start":7097,"id":252},{"start":7131,"id":23},{"start":7165,"id":332},{"start":7197,"id":166},{"start":7221,"id":359},{"start":7243,"id":111},{"start":7276,"id":97},{"start":7305,"id":366},{"start":7335,"id":219},{"start":7365,"id":394},{"start":7384,"id":77},{"start":7415,"id":327},{"start":7433,"id":102},{"start":7462,"id":319},{"start":7485,"id":298},{"start":7515,"id":392},{"start":7526,"id":143},{"start":7539,"id":274},{"start":7575,"id":322},{"start":7598,"id":244},{"start":7622,"id":299},{"start":7645,"id":291},{"start":7667,"id":350},{"start":7678,"id":114},{"start":7702,"id":214},{"start":7720,"id":255},{"start":7750,"id":304},{"start":7767,"id":112},{"start":8070,"id":130},{"start":8108,"id":339},{"start":8122,"id":27},{"start":8143,"id":330},{"start":8171,"id":237},{"start":8198,"id":82},{"start":8238,"id":340},{"start":8255,"id":323},{"start":8283,"id":170},{"start":8307,"id":222},{"start":8321,"id":72},{"start":8356,"id":353},{"start":8384,"id":245},{"start":8416,"id":223},{"start":8450,"id":119},{"start":8482,"id":184},{"start":8516,"id":248},{"start":8541,"id":110},{"start":8563,"id":127},{"start":8593,"id":176},{"start":8626,"id":19},{"start":8650,"id":382},{"start":8666,"id":314},{"start":8688,"id":258},{"start":8706,"id":120},{"start":8734,"id":367},{"start":8756,"id":309},{"start":8770,"id":186},{"start":9082,"id":141},{"start":9116,"id":174},{"start":9137,"id":344},{"start":9156,"id":315},{"start":9175,"id":155},{"start":9207,"id":250},{"start":9225,"id":197},{"start":9245,"id":116},{"start":9260,"id":349},{"start":9278,"id":206},{"start":9303,"id":264},{"start":9332,"id":249},{"start":9351,"id":188},{"start":9367,"id":52},{"start":9395,"id":64},{"start":9419,"id":151},{"start":9442,"id":395},{"start":9466,"id":86},{"start":9490,"id":7},{"start":9520,"id":84},{"start":9533,"id":39},{"start":9558,"id":233},{"start":9580,"id":108},{"start":9603,"id":34},{"start":9626,"id":162},{"start":9653,"id":149},{"start":9682,"id":290},{"start":9714,"id":101},{"start":9744,"id":368},{"start":9764,"id":372},{"start":9776,"id":159},{"start":10092,"id":381},{"start":10127,"id":202},{"start":10150,"id":68},{"start":10184,"id":37},{"start":10204,"id":56},{"start":10232,"id":361},{"start":10259,"id":242},{"start":10273,"id":85},{"start":10302,"id":357},{"start":10327,"id":137},{"start":10361,"id":157},{"start":10390,"id":277},{"start":10421,"id":9},{"start":10445,"id":195},{"start":10451,"id":11},{"start":10469,"id":371},{"start":10506,"id":145},{"start":10534,"id":269},{"start":10563,"id":30},{"start":10591,"id":324},{"start":10625,"id":118},{"start":10659,"id":383},{"start":10678,"id":311},{"start":10700,"id":347},{"start":10722,"id":179},{"start":10737,"id":209},{"start":10768,"id":187},{"start":10790,"id":328},{"start":11095,"id":5},{"start":11125,"id":293},{"start":11154,"id":31},{"start":11187,"id":165},{"start":11218,"id":225},{"start":11252,"id":26},{"start":11290,"id":89},{"start":11311,"id":191},{"start":11332,"id":161},{"start":11358,"id":396},{"start":11376,"id":150},{"start":11405,"id":217},{"start":11436,"id":343},{"start":11458,"id":175},{"start":11474,"id":385},{"start":11503,"id":218},{"start":11536,"id":380},{"start":11551,"id":18},{"start":11583,"id":53},{"start":11606,"id":113},{"start":11622,"id":238},{"start":11651,"id":331},{"start":11684,"id":232},{"start":11710,"id":397},{"start":11725,"id":351},{"start":11745,"id":49},{"start":11763,"id":45},{"start":11791,"id":142},{"start":12115,"id":316},{"start":12147,"id":247},{"start":12176,"id":216},{"start":12213,"id":260},{"start":12246,"id":28},{"start":12269,"id":29},{"start":12285,"id":205},{"start":12292,"id":32},{"start":12325,"id":354},{"start":12346,"id":42},{"start":12369,"id":302},{"start":12394,"id":65},{"start":12424,"id":183},{"start":12437,"id":117},{"start":12468,"id":297},{"start":12474,"id":190},{"start":12480,"id":54},{"start":12496,"id":79},{"start":12523,"id":393},{"start":12541,"id":91},{"start":12562,"id":390},{"start":12587,"id":253},{"start":12602,"id":236},{"start":12621,"id":373},{"start":12627,"id":47},{"start":12654,"id":59},{"start":12660,"id":103},{"start":12682,"id":259},{"start":12688,"id":194},{"start":12716,"id":329},{"start":12722,"id":346},{"start":12748,"id":231},{"start":12770,"id":46},{"start":12776,"id":317},{"start":12782,"id":295},{"start":12799,"id":20},{"start":12805,"id":335},{"start":12811,"id":379}],"name":"A-400-90","value":121036.07}