{"setups":[{"start":35,"from":54,"to":180},{"start":59,"from":180,"to":175},{"start":91,"from":175,"to":81},{"start":119,"from":81,"to":121},{"start":145,"from":121,"to":11},{"start":167,"from":11,"to":26},{"start":193,"from":26,"to":37},{"start":204,"from":37,"to":36},{"start":227,"from":36,"to":152},{"start":256,"from":152,"to":31},{"start":288,"from":31,"to":160},{"start":316,"from":160,"to":196},{"start":339,"from":196,"to":194},{"start":361,"from":194,"to":65},{"start":392,"from":65,"to":84},{"start":420,"from":84,"to":48},{"start":436,"from":48,"to":163},{"start":453,"from":163,"to":116},{"start":486,"from":116,"to":162},{"start":498,"from":162,"to":120},{"start":520,"from":120,"to":137},{"start":545,"from":137,"to":115},{"start":559,"from":115,"to":35},{"start":591,"from":35,"to":99},{"start":612,"from":99,"to":72},{"start":625,"from":72,"to":156},{"start":640,"from":156,"to":69},{"start":663,"from":69,"to":12},{"start":686,"from":12,"to":93},{"start":700,"from":93,"to":88},{"start":1012,"from":88,"to":6},{"start":1042,"from":6,"to":18},{"start":1079,"from":18,"to":171},{"start":1111,"from":171,"to":138},{"start":1149,"from":138,"to":154},{"start":1170,"from":154,"to":14},{"start":1200,"from":14,"to":61},{"start":1223,"from":61,"to":146},{"start":1247,"from":146,"to":182},{"start":1270,"from":182,"to":139},{"start":1290,"from":139,"to":124},{"start":1321,"from":124,"to":87},{"start":1339,"from":87,"to":170},{"start":1352,"from":170,"to":149},{"start":1375,"from":149,"to":151},{"start":1412,"from":151,"to":71},{"start":1429,"from":71,"to":190},{"start":1456,"from":190,"to":188},{"start":1489,"from":188,"to":22},{"start":1510,"from":22,"to":153},{"start":1527,"from":153,"to":113},{"start":1535,"from":113,"to":78},{"start":1568,"from":78,"to":125},{"start":1586,"from":125,"to":150},{"start":1615,"from":150,"to":58},{"start":1635,"from":58,"to":1},{"start":1664,"from":1,"to":112},{"start":1692,"from":112,"to":166},{"start":1705,"from":166,"to":140},{"start":2018,"from":140,"to":34},{"start":2055,"from":34,"to":147},{"start":2094,"from":147,"to":123},{"start":2127,"from":123,"to":68},{"start":2162,"from":68,"to":28},{"start":2177,"from":28,"to":40},{"start":2207,"from":40,"to":106},{"start":2239,"from":106,"to":118},{"start":2262,"from":118,"to":191},{"start":2300,"from":191,"to":23},{"start":2321,"from":23,"to":142},{"start":2354,"from":142,"to":187},{"start":2373,"from":187,"to":134},{"start":2388,"from":134,"to":104},{"start":2439,"from":104,"to":10},{"start":2460,"from":10,"to":108},{"start":2489,"from":108,"to":17},{"start":2500,"from":17,"to":62},{"start":2516,"from":62,"to":178},{"start":2543,"from":178,"to":135},{"start":2558,"from":135,"to":168},{"start":2568,"from":168,"to":167},{"start":2598,"from":167,"to":8},{"start":2628,"from":8,"to":7},{"start":2657,"from":7,"to":141},{"start":2674,"from":141,"to":44},{"start":2694,"from":44,"to":133},{"start":2716,"from":133,"to":27},{"start":3032,"from":27,"to":24},{"start":3060,"from":24,"to":101},{"start":3088,"from":101,"to":155},{"start":3114,"from":155,"to":42},{"start":3145,"from":42,"to":38},{"start":3171,"from":38,"to":95},{"start":3193,"from":95,"to":19},{"start":3217,"from":19,"to":32},{"start":3240,"from":32,"to":164},{"start":3247,"from":164,"to":107},{"start":3268,"from":107,"to":117},{"start":3293,"from":117,"to":144},{"start":3320,"from":144,"to":20},{"start":3339,"from":20,"to":55},{"start":3382,"from":55,"to":33},{"start":3412,"from":33,"to":30},{"start":3436,"from":30,"to":53},{"start":3465,"from":53,"to":157},{"start":3490,"from":157,"to":57},{"start":3526,"from":57,"to":97},{"start":3537,"from":97,"to":94},{"start":3569,"from":94,"to":181},{"start":3597,"from":181,"to":192},{"start":3612,"from":192,"to":119},{"start":3627,"from":119,"to":2},{"start":3643,"from":2,"to":5},{"start":3658,"from":5,"to":145},{"start":3683,"from":145,"to":79},{"start":3700,"from":79,"to":177},{"start":3721,"from":177,"to":172},{"start":4034,"from":172,"to":29},{"start":4066,"from":29,"to":161},{"start":4094,"from":161,"to":66},{"start":4123,"from":66,"to":60},{"start":4155,"from":60,"to":85},{"start":4181,"from":85,"to":110},{"start":4204,"from":110,"to":128},{"start":4221,"from":128,"to":90},{"start":4243,"from":90,"to":70},{"start":4260,"from":70,"to":80},{"start":4281,"from":80,"to":4},{"start":4297,"from":4,"to":195}],"jobs":[{"start":6,"id":54},{"start":39,"id":180},{"start":63,"id":175},{"start":94,"id":81},{"start":121,"id":121},{"start":147,"id":11},{"start":170,"id":26},{"start":197,"id":37},{"start":206,"id":36},{"start":229,"id":152},{"start":258,"id":31},{"start":292,"id":160},{"start":318,"id":196},{"start":341,"id":194},{"start":363,"id":65},{"start":395,"id":84},{"start":422,"id":48},{"start":438,"id":163},{"start":457,"id":116},{"start":488,"id":162},{"start":502,"id":120},{"start":524,"id":137},{"start":547,"id":115},{"start":561,"id":35},{"start":593,"id":99},{"start":614,"id":72},{"start":627,"id":156},{"start":642,"id":69},{"start":667,"id":12},{"start":690,"id":93},{"start":703,"id":88},{"start":1014,"id":6},{"start":1044,"id":18},{"start":1081,"id":171},{"start":1115,"id":138},{"start":1151,"id":154},{"start":1174,"id":14},{"start":1202,"id":61},{"start":1226,"id":146},{"start":1249,"id":182},{"start":1273,"id":139},{"start":1293,"id":124},{"start":1323,"id":87},{"start":1341,"id":170},{"start":1355,"id":149},{"start":1377,"id":151},{"start":1414,"id":71},{"start":1431,"id":190},{"start":1459,"id":188},{"start":1491,"id":22},{"start":1513,"id":153},{"start":1531,"id":113},{"start":1538,"id":78},{"start":1571,"id":125},{"start":1590,"id":150},{"start":1617,"id":58},{"start":1639,"id":1},{"start":1667,"id":112},{"start":1694,"id":166},{"start":1708,"id":140},{"start":2022,"id":34},{"start":2059,"id":147},{"start":2096,"id":123},{"start":2129,"id":68},{"start":2166,"id":28},{"start":2179,"id":40},{"start":2211,"id":106},{"start":2241,"id":118},{"start":2266,"id":191},{"start":2304,"id":23},{"start":2325,"id":142},{"start":2356,"id":187},{"start":2375,"id":134},{"start":2392,"id":104},{"start":2443,"id":10},{"start":2462,"id":108},{"start":2493,"id":17},{"start":2504,"id":62},{"start":2518,"id":178},{"start":2545,"id":135},{"start":2561,"id":168},{"start":2572,"id":167},{"start":2600,"id":8},{"start":2631,"id":7},{"start":2659,"id":141},{"start":2678,"id":44},{"start":2698,"id":133},{"start":2718,"id":27},{"start":3036,"id":24},{"start":3064,"id":101},{"start":3092,"id":155},{"start":3118,"id":42},{"start":3149,"id":38},{"start":3173,"id":95},{"start":3197,"id":19},{"start":3221,"id":32},{"start":3242,"id":164},{"start":3251,"id":107},{"start":3270,"id":117},{"start":3295,"id":144},{"start":3323,"id":20},{"start":3342,"id":55},{"start":3385,"id":33},{"start":3414,"id":30},{"start":3439,"id":53},{"start":3467,"id":157},{"start":3492,"id":57},{"start":3528,"id":97},{"start":3540,"id":94},{"start":3573,"id":181},{"start":3599,"id":192},{"start":3614,"id":119},{"start":3629,"id":2},{"start":3645,"id":5},{"start":3660,"id":145},{"start":3687,"id":79},{"start":3703,"id":177},{"start":3724,"id":172},{"start":4037,"id":29},{"start":4069,"id":161},{"start":4096,"id":66},{"start":4127,"id":60},{"start":4157,"id":85},{"start":4183,"id":110},{"start":4206,"id":128},{"start":4225,"id":90},{"start":4247,"id":70},{"start":4262,"id":80},{"start":4283,"id":4},{"start":4299,"id":195}],"name":"B-200-30","value":170908.05}