{"setups":[{"start":31,"from":137,"to":105},{"start":54,"from":105,"to":169},{"start":73,"from":169,"to":33},{"start":98,"from":33,"to":199},{"start":136,"from":199,"to":116},{"start":168,"from":116,"to":75},{"start":193,"from":75,"to":35},{"start":222,"from":35,"to":146},{"start":238,"from":146,"to":27},{"start":259,"from":27,"to":99},{"start":284,"from":99,"to":86},{"start":304,"from":86,"to":115},{"start":330,"from":115,"to":34},{"start":362,"from":34,"to":14},{"start":381,"from":14,"to":187},{"start":396,"from":187,"to":68},{"start":408,"from":68,"to":191},{"start":442,"from":191,"to":140},{"start":467,"from":140,"to":189},{"start":498,"from":189,"to":109},{"start":519,"from":109,"to":42},{"start":552,"from":42,"to":36},{"start":573,"from":36,"to":30},{"start":607,"from":30,"to":177},{"start":630,"from":177,"to":46},{"start":647,"from":46,"to":4},{"start":667,"from":4,"to":101},{"start":682,"from":101,"to":16},{"start":697,"from":16,"to":49},{"start":1013,"from":49,"to":76},{"start":1041,"from":76,"to":174},{"start":1055,"from":174,"to":95},{"start":1079,"from":95,"to":82},{"start":1112,"from":82,"to":24},{"start":1146,"from":24,"to":195},{"start":1180,"from":195,"to":114},{"start":1207,"from":114,"to":40},{"start":1241,"from":40,"to":192},{"start":1274,"from":192,"to":10},{"start":1313,"from":10,"to":184},{"start":1330,"from":184,"to":128},{"start":1349,"from":128,"to":93},{"start":1374,"from":93,"to":197},{"start":1403,"from":197,"to":112},{"start":1421,"from":112,"to":120},{"start":1454,"from":120,"to":183},{"start":1489,"from":183,"to":88},{"start":1513,"from":88,"to":150},{"start":1543,"from":150,"to":58},{"start":1566,"from":58,"to":80},{"start":1582,"from":80,"to":127},{"start":1599,"from":127,"to":121},{"start":1611,"from":121,"to":153},{"start":1629,"from":153,"to":148},{"start":1654,"from":148,"to":123},{"start":1668,"from":123,"to":196},{"start":1686,"from":196,"to":160},{"start":1698,"from":160,"to":0},{"start":1712,"from":0,"to":37},{"start":2020,"from":37,"to":26},{"start":2052,"from":26,"to":44},{"start":2078,"from":44,"to":85},{"start":2109,"from":85,"to":119},{"start":2140,"from":119,"to":50},{"start":2170,"from":50,"to":84},{"start":2190,"from":84,"to":48},{"start":2208,"from":48,"to":194},{"start":2233,"from":194,"to":31},{"start":2255,"from":31,"to":181},{"start":2288,"from":181,"to":56},{"start":2309,"from":56,"to":97},{"start":2338,"from":97,"to":173},{"start":2357,"from":173,"to":190},{"start":2384,"from":190,"to":155},{"start":2406,"from":155,"to":74},{"start":2418,"from":74,"to":53},{"start":2440,"from":53,"to":96},{"start":2460,"from":96,"to":157},{"start":2480,"from":157,"to":13},{"start":2499,"from":13,"to":59},{"start":2515,"from":59,"to":8},{"start":2538,"from":8,"to":179},{"start":2564,"from":179,"to":28},{"start":2588,"from":28,"to":198},{"start":2621,"from":198,"to":1},{"start":2639,"from":1,"to":92},{"start":2662,"from":92,"to":3},{"start":2680,"from":3,"to":72},{"start":2710,"from":72,"to":81},{"start":3032,"from":81,"to":134},{"start":3059,"from":134,"to":45},{"start":3096,"from":45,"to":71},{"start":3124,"from":71,"to":132},{"start":3147,"from":132,"to":167},{"start":3174,"from":167,"to":180},{"start":3210,"from":180,"to":161},{"start":3229,"from":161,"to":158},{"start":3249,"from":158,"to":138},{"start":3273,"from":138,"to":79},{"start":3304,"from":79,"to":47},{"start":3334,"from":47,"to":145},{"start":3352,"from":145,"to":188},{"start":3382,"from":188,"to":162},{"start":3407,"from":162,"to":5},{"start":3432,"from":5,"to":159},{"start":3462,"from":159,"to":129},{"start":3482,"from":129,"to":17},{"start":3505,"from":17,"to":164},{"start":3532,"from":164,"to":103},{"start":3549,"from":103,"to":178},{"start":3575,"from":178,"to":151},{"start":3601,"from":151,"to":102},{"start":3622,"from":102,"to":175},{"start":3643,"from":175,"to":78},{"start":3667,"from":78,"to":20},{"start":3684,"from":20,"to":142},{"start":3693,"from":142,"to":41},{"start":3711,"from":41,"to":51},{"start":3730,"from":51,"to":100},{"start":4033,"from":100,"to":91},{"start":4041,"from":91,"to":108},{"start":4049,"from":108,"to":136},{"start":4073,"from":136,"to":143},{"start":4103,"from":143,"to":6},{"start":4116,"from":6,"to":186},{"start":4137,"from":186,"to":62},{"start":4171,"from":62,"to":133},{"start":4205,"from":133,"to":43},{"start":4228,"from":43,"to":67},{"start":4247,"from":67,"to":176},{"start":4281,"from":176,"to":163},{"start":4287,"from":163,"to":57},{"start":4295,"from":57,"to":15},{"start":4301,"from":15,"to":7},{"start":4307,"from":7,"to":144},{"start":4313,"from":144,"to":170}],"jobs":[{"start":2,"id":137},{"start":35,"id":105},{"start":58,"id":169},{"start":75,"id":33},{"start":101,"id":199},{"start":138,"id":116},{"start":171,"id":75},{"start":195,"id":35},{"start":224,"id":146},{"start":240,"id":27},{"start":261,"id":99},{"start":287,"id":86},{"start":306,"id":115},{"start":333,"id":34},{"start":364,"id":14},{"start":385,"id":187},{"start":398,"id":68},{"start":412,"id":191},{"start":446,"id":140},{"start":469,"id":189},{"start":500,"id":109},{"start":521,"id":42},{"start":555,"id":36},{"start":576,"id":30},{"start":609,"id":177},{"start":634,"id":46},{"start":651,"id":4},{"start":669,"id":101},{"start":685,"id":16},{"start":699,"id":49},{"start":1017,"id":76},{"start":1045,"id":174},{"start":1059,"id":95},{"start":1083,"id":82},{"start":1114,"id":24},{"start":1148,"id":195},{"start":1184,"id":114},{"start":1209,"id":40},{"start":1244,"id":192},{"start":1278,"id":10},{"start":1315,"id":184},{"start":1334,"id":128},{"start":1351,"id":93},{"start":1378,"id":197},{"start":1405,"id":112},{"start":1424,"id":120},{"start":1458,"id":183},{"start":1492,"id":88},{"start":1517,"id":150},{"start":1545,"id":58},{"start":1568,"id":80},{"start":1585,"id":127},{"start":1601,"id":121},{"start":1615,"id":153},{"start":1633,"id":148},{"start":1656,"id":123},{"start":1670,"id":196},{"start":1688,"id":160},{"start":1701,"id":0},{"start":1716,"id":37},{"start":2024,"id":26},{"start":2054,"id":44},{"start":2082,"id":85},{"start":2113,"id":119},{"start":2144,"id":50},{"start":2172,"id":84},{"start":2192,"id":48},{"start":2212,"id":194},{"start":2235,"id":31},{"start":2259,"id":181},{"start":2290,"id":56},{"start":2312,"id":97},{"start":2341,"id":173},{"start":2361,"id":190},{"start":2388,"id":155},{"start":2409,"id":74},{"start":2420,"id":53},{"start":2444,"id":96},{"start":2462,"id":157},{"start":2482,"id":13},{"start":2503,"id":59},{"start":2517,"id":8},{"start":2540,"id":179},{"start":2566,"id":28},{"start":2592,"id":198},{"start":2625,"id":1},{"start":2642,"id":92},{"start":2664,"id":3},{"start":2682,"id":72},{"start":2712,"id":81},{"start":3036,"id":134},{"start":3063,"id":45},{"start":3100,"id":71},{"start":3127,"id":132},{"start":3150,"id":167},{"start":3177,"id":180},{"start":3213,"id":161},{"start":3233,"id":158},{"start":3251,"id":138},{"start":3275,"id":79},{"start":3307,"id":47},{"start":3336,"id":145},{"start":3354,"id":188},{"start":3385,"id":162},{"start":3409,"id":5},{"start":3436,"id":159},{"start":3464,"id":129},{"start":3485,"id":17},{"start":3507,"id":164},{"start":3536,"id":103},{"start":3552,"id":178},{"start":3577,"id":151},{"start":3603,"id":102},{"start":3624,"id":175},{"start":3647,"id":78},{"start":3669,"id":20},{"start":3686,"id":142},{"start":3695,"id":41},{"start":3713,"id":51},{"start":3734,"id":100},{"start":4037,"id":91},{"start":4045,"id":108},{"start":4051,"id":136},{"start":4075,"id":143},{"start":4105,"id":6},{"start":4119,"id":186},{"start":4140,"id":62},{"start":4173,"id":133},{"start":4207,"id":43},{"start":4232,"id":67},{"start":4251,"id":176},{"start":4283,"id":163},{"start":4291,"id":57},{"start":4297,"id":15},{"start":4303,"id":7},{"start":4309,"id":144},{"start":4316,"id":170}],"name":"A-200-30","value":75324.29}